id,set,set_id,type,title,level,question_text,definition,sentence,opt1,opt2,opt3,opt4,correct_answer,explanation,example1,example2,example3,example4,usage1,tip,image_url,description,audio_url,prompt,transcript,front_fields
,Portuguese Inclusive A2,,usage_cases,Inclusive = In fact/Actually (correcting),A2,,"Use 'in fact' or 'actually' when someone is wrong and you clarify the truth.",,,,,,,,,"“Achei que você não gostava de festa.” – “Adoro. Inclusive, vou em todas.” -> “Actually, I go to all of them.”",,,,"Clarifying a misunderstanding","'In fact' is stronger, 'actually' is softer.",,,,,,,title
,Portuguese Inclusive A2,,usage_cases,Inclusive = In fact/Actually (insisting),A2,,"Use when you insist something is true even if doubted.",,,,,,,,,"“Ninguém me avisou.” – “Eu avisei sim. Inclusive, eu te mandei mensagem ontem.” -> “In fact, I sent you a message yesterday.”",,,,"Insisting on truth","Use 'in fact' to emphasize you are telling the truth.",,,,,,,title
,Portuguese Inclusive A2,,usage_cases,Inclusive = What's more (stronger point),A2,,"Add a second point that is even more important or extreme.",,,,,,,,,"“O trânsito estava horrível. Inclusive, fiquei duas horas parado.” -> “What's more, I was stuck for two hours.”",,,,"Adding emphasis","'What's more' is conversational and common in spoken English.",,,,,,,title
,Portuguese Inclusive A2,,usage_cases,Inclusive = On top of that (negative addition),A2,,"Use to add another bad thing to a list of problems.",,,,,,,,,"“Ele é muito enrolado. Inclusive, perdeu o voo semana passada.” -> “On top of that, he missed his flight last week.”",,,,"Adding negative points","'On top of that' is very natural in conversation.",,,,,,,title
,Portuguese Inclusive A2,,usage_cases,Inclusive = Even (surprising person),A2,,"Use before a surprising person or thing that is unexpected in the context.",,,,,,,,,"“Todo mundo reclamou, inclusive o Paulo que nunca fala nada.” -> “Everyone complained, even Paulo, who never says anything.”",,,,"Extreme or unexpected example","Place 'even' directly before the surprising word.",,,,,,,title
,Portuguese Inclusive A2,,usage_cases,Inclusive = Even (surprising situation),A2,,"Use for unexpected actions or conditions.",,,,,,,,,"“Ele se dá bem com todos, inclusive com o chefe chato.” -> “He gets along with everyone, even with the annoying boss.”",,,,"Unexpected situation","'Even' can go before a noun phrase or prepositional phrase.",,,,,,,title
,Portuguese Inclusive A2,,usage_cases,Inclusive = Including (neutral list),A2,,"Simple enumeration, no surprise or emphasis.",,,,,,,,,"“Precisamos de várias coisas, inclusive leite e pão.” -> “We need several things, including milk and bread.”",,,,"Plain listing","Never use 'even' for neutral lists – it would sound strange.",,,,,,,title
,Portuguese Inclusive A2,,usage_cases,Inclusive = Including (question form),A2,,"When asking if something is part of a group.",,,,,,,,,"“A promoção vale para todos os produtos? Inclusive os da prateleira de cima?” -> “Including the ones on the top shelf?”",,,,"Questions with 'including'","'Including' can start a question fragment.",,,,,,,title
,Portuguese Inclusive A2,,multiple_choice,Choose substitute (party dialogue),A2,"“Achei que você não gostava de festa.” – “Adoro. Inclusive, vou em todas.” – What is the best English substitute for 'Inclusive' here?",,,,,Actually,Even,Including,What's more,0,"The speaker is correcting a misunderstanding – 'actually' fits best.",,,,,,,,,,,,
,Portuguese Inclusive A2,,multiple_choice,Choose substitute (message dialogue),A2,"“Ninguém me avisou.” – “Eu avisei sim. Inclusive, eu te mandei mensagem ontem.” – Best substitute?",,,,,In fact,Even,On top of that,Including,0,"The speaker insists it's true – 'in fact' works.",,,,,,,,,,,,
,Portuguese Inclusive A2,,multiple_choice,Choose substitute (new car dialogue),A2,"“Ela não tem dinheiro.” – “Claro que tem. Inclusive, acabou de comprar um carro novo.” – Best substitute?",,,,,In fact,Even,What's more,Including,0,"Clarifying with strong evidence – 'in fact' is correct.",,,,,,,,,,,,
,Portuguese Inclusive A2,,multiple_choice,Choose substitute (traffic dialogue),A2,"“O trânsito estava horrível. Inclusive, fiquei duas horas parado.” – Best substitute?",,,,,Actually,Even,What's more,Including,2,"Adding a stronger point – 'what's more' is best.",,,,,,,,,,,,
,Portuguese Inclusive A2,,multiple_choice,Choose substitute (disorganized dialogue),A2,"“Ele é muito enrolado. Inclusive, perdeu o voo semana passada.” – Best substitute?",,,,,On top of that,In fact,Even,Including,0,"Adding another negative – 'on top of that' works.",,,,,,,,,,,,
,Portuguese Inclusive A2,,multiple_choice,Choose substitute (Paulo dialogue),A2,"“Todo mundo reclamou, inclusive o Paulo que nunca fala nada.” – Best substitute?",,,,,including,even,in fact,what's more,1,"Surprising example – 'even' is correct.",,,,,,,,,,,,
,Portuguese Inclusive A2,,multiple_choice,Choose substitute (annoying boss dialogue),A2,"“Ele se dá bem com todos, inclusive com o chefe chato.” – Best substitute?",,,,,including,even,actually,what's more,1,"Unexpected person – 'even' fits.",,,,,,,,,,,,
,Portuguese Inclusive A2,,multiple_choice,Choose substitute (milk and bread dialogue),A2,"“Precisamos de várias coisas, inclusive leite e pão.” – Best substitute?",,,,,even,including,in fact,on top of that,1,"Plain list – 'including' is correct.",,,,,,,,,,,,
,Portuguese Inclusive A2,,gap_fill,Complete the dialogue (party),A2,,,"“Achei que você não gostava de festa.” – “Adoro. ______, vou em todas.”",,,,,,"Actually,In fact","Use a word that corrects a misunderstanding.","Correcting",,,,,,,,,,,
,Portuguese Inclusive A2,,gap_fill,Complete the dialogue (message),A2,,,"“Ninguém me avisou.” – “Eu avisei sim. ______, eu te mandei mensagem ontem.”",,,,,,"In fact,Actually","Use a word that insists on truth.","Insisting",,,,,,,,,,,
,Portuguese Inclusive A2,,gap_fill,Complete the dialogue (new car),A2,,,"“Ela não tem dinheiro.” – “Claro que tem. ______, acabou de comprar um carro novo.”",,,,,,"In fact,Actually","Clarifying with strong evidence.","Clarifying",,,,,,,,,,,
,Portuguese Inclusive A2,,gap_fill,Complete the dialogue (traffic),A2,,,"“O trânsito estava horrível. ______, fiquei duas horas parado.”",,,,,,"What's more,On top of that","Adds a stronger point to the first sentence.","Adding emphasis",,,,,,,,,,,
,Portuguese Inclusive A2,,gap_fill,Complete the dialogue (disorganized),A2,,,"“Ele é muito enrolado. ______, perdeu o voo semana passada.”",,,,,,"On top of that,What's more","Adds another negative example.","Adding negative point",,,,,,,,,,,
,Portuguese Inclusive A2,,gap_fill,Complete the dialogue (Paulo),A2,,,"“Todo mundo reclamou, ______ o Paulo que nunca fala nada.”",,,,,,even,"Use a word for a surprising example.","Surprising person",,,,,,,,,,,
,Portuguese Inclusive A2,,gap_fill,Complete the dialogue (annoying boss),A2,,,"“Ele se dá bem com todos, ______ com o chefe chato.”",,,,,,even,"Use a word for unexpected inclusion.","Unexpected",,,,,,,,,,,
,Portuguese Inclusive A2,,gap_fill,Complete the dialogue (milk and bread),A2,,,"“Precisamos de várias coisas, ______ leite e pão.”",,,,,,including,"Use a word for a neutral list.","Plain list",,,,,,,,,,,
,Portuguese Inclusive A2,,formula_table,A2 Flowchart for inclusive,A2,,"Quick decision guide",,,,,,,,,"Clarifying/correcting → In fact / Actually","Adding stronger point → What's more / On top of that","Surprising example → Even","Neutral list → Including",,"Easy rule","When in doubt, 'actually' works in most situations.",,,,,,,title
,Portuguese Inclusive A2,,formula_table,Common mistake #1 (false friend),A2,,"Never start an English sentence with 'Inclusive'",,,,,,,,,"❌ 'Inclusive, I like pizza.' ✅ 'Actually, I like pizza.'","❌ 'Inclusive, she arrived late.' ✅ 'In fact, she arrived late.'",,,,"Fix","Delete 'Inclusive' and replace with 'Actually' or 'In fact'.",,,,,,,title
,Portuguese Inclusive A2,,formula_table,Common mistake #2 (including vs even),A2,,"Don't use 'including' for surprise",,,,,,,,,"❌ 'She speaks three languages, inclusive French.' ✅ 'She speaks three languages, including French.' (list)","✅ 'She speaks three languages, even French.' (surprise)",,,,"Choose right word","List = including. Surprise = even.",,,,,,,title
,Portuguese Inclusive A2,,formula_table,Common mistake #3 (just stating fact),A2,,"Don't use 'including' to state a fact",,,,,,,,,"❌ 'Inclusive, it's raining.' ✅ 'In fact, it's raining.'",,,,,"Fix","Use 'in fact' or 'actually' for simple facts.",,,,,,,title
,Portuguese Inclusive A2,,formula_table,Tip for A2 learners, A2,,"How to listen for inclusive",,,,,,,,,"When you hear 'inclusive', ask: Correcting? → actually. Surprising? → even. Listing? → including.","Practice with YouTube or TV series – count how many times you hear 'inclusive'.",,,,"Listening strategy","The tone of voice gives you the clue.",,,,,,,title
,Portuguese Inclusive A2,,formula_table,Practice translation, A2,,"Translate this sentence",,,,,,,,,"Portuguese: 'Inclusive, eu já comi.'","English: 'Actually, I've already eaten.' or 'In fact, I've already eaten.'",,,,"Self-test","Check your answer.",,,,,,,title